indp_code,description,indp_seasonal_index,indp_peak_quarter,indp_peak_excess,median_annual_wage,pct_female,mean_weeks_worked,n_naics6_mapped,total_qwi_emp,n_pums_records,thin_pums_sample,member_naics6
0170,Crop production,1.0,4,0.2257220910999963,26000.0,0.25576804257094427,47.076028847694104,30,21532.954361031185,13366,False,111110;111120;111130;111140;111150;111160;111191;111199;111211;111219;111310;111320;111331;111332;111333;111334;111335;111336;111339;111411;111419;111421;111422;111910;111920;111930;111940;111991;111992;111998
0290,Support activities for agriculture and forestry,0.9633872154004444,4,0.1485918068751049,32000.0,0.34115469654435693,47.872289021936254,8,9364.76523531813,1658,False,115111;115112;115113;115114;115115;115116;115210;115310
8590,"Other amusement, gambling, and recreation industries",0.7474563040297956,3,0.16776210869523872,25000.0,0.44701228975782015,44.90649264406536,9,38903.050028524456,21626,False,713110;713120;713210;713290;713910;713920;713930;713940;713990
7890,"Other schools and instruction, and educational support services",0.5144369029057719,2,0.07245076223292436,20000.0,0.6527792955331108,45.54306163409053,7,13598.780340656742,9395,False,611610;611620;611630;611691;611692;611699;611710
1080,Sugar and confectionery products,0.5126114483094308,4,0.1159696704552746,48000.0,0.4141606796002902,49.06325618403501,5,3139.27161205036,795,False,311313;311314;311340;311351;311352
1090,Fruit and vegetable preserving and specialty food manufacturing,0.5064964868564619,4,0.10405004746232603,47100.0,0.41100199670982407,49.17838530220643,5,5586.516570348906,1528,False,311411;311412;311421;311422;311423
9170,"Civic, social, advocacy organizations, and grantmaking and giving services",0.43424738415973313,3,0.1164187995755689,50000.0,0.6744779781739022,48.7102093815939,7,14371.683189312953,10408,False,813211;813212;813219;813311;813312;813319;813410
7181,"Consumer goods rental, and general rental centers",0.3152334566052015,3,0.05924136674367021,37000.0,0.3323655238614413,47.599563893201235,7,3267.1985467456366,762,False,532210;532281;532282;532283;532284;532289;532310
0770,Construction (the cleaning of buildings and dwellings is incidental during construction and immediately after construction),0.279641414279551,4,0.056037470721623746,45000.0,0.11458928614813227,48.8230444926362,31,155146.39339718965,102948,False,236115;236116;236117;236118;236210;236220;237110;237120;237130;237210;237310;237990;238110;238120;238130;238140;238150;238160;238170;238190;238210;238220;238290;238310;238320;238330;238340;238350;238390;238910;238990
7490,"Other professional, scientific, and technical, except veterinary, services",0.27732786526866393,4,0.056262652162061104,43000.0,0.5474939749193252,47.73301948449818,5,7162.783083427676,4786,False,541910;541921;541922;541930;541990
4981,Specialty food retailers,0.24750216590701757,4,0.05322780752678856,25000.0,0.4976142867280871,46.89203134196893,6,4721.9577431400985,2293,False,445230;445240;445250;445291;445292;445298
8680,"Food services and drinking places, except alcoholic beverages",0.24356493334697848,3,0.05244349242736691,19000.0,0.5337038569342638,44.693122581611384,7,212341.8493118436,81217,False,722310;722320;722330;722511;722513;722514;722515
7390,"Management, scientific, and technical consulting services",0.20673653875529452,4,0.04392167598550501,75000.0,0.44018151191864474,49.231049508286944,7,33329.87991927346,21781,False,541611;541612;541613;541614;541618;541620;541690
0470,Nonmetallic mineral mining and quarrying,0.2060353149234425,4,0.04259402534814544,60000.0,0.11705754423088227,49.72180097572445,8,3082.889748578509,1154,False,212311;212312;212313;212319;212321;212322;212323;212390
6570,Motion pictures and video industries,0.20382006261162328,4,0.04600561767886235,44000.0,0.3450338989248181,45.98587272170936,6,12797.713366432725,4891,False,512110;512120;512131;512132;512191;512199
1370,Beverage manufacturing,0.19886663539251967,4,0.03687196880263877,50000.0,0.2953766255448296,49.84630291032895,6,6350.223112355384,3146,False,312111;312112;312113;312120;312130;312140
0180,Animal production and aquaculture,0.19282076113940116,4,0.032699183683873534,24100.0,0.242232276207116,49.09909710939431,18,6698.211434467938,5881,False,112111;112112;112120;112210;112310;112320;112330;112340;112390;112410;112420;112511;112512;112519;112910;112920;112930;112990
7071,"Lessors of real estate, and offices of real estate agents and brokers",0.17284796665483962,4,0.03264699630593534,45000.0,0.5151090154966451,49.19812049445789,5,19577.44298688194,20276,False,531110;531120;531130;531190;531210
8891,Personal and household goods repair and maintenance,0.172180520424155,4,0.031793178564677164,21000.0,0.24144470917345282,48.20232803480199,5,1589.700525749562,1699,False,811411;811412;811420;811430;811490
4580,"Miscellaneous nondurable goods merchant, except farm supplies, wholesalers",0.15959969610536826,4,0.024586408265957604,42000.0,0.4139471421629098,49.27826374091934,5,4074.738321660551,1571,False,424920;424930;424940;424950;424990
6090,Water transportation,0.15666716565183048,4,0.03166547284196726,60000.0,0.27690291927899685,47.918568769592476,6,2968.412230261448,797,False,483111;483112;483113;483114;483211;483212
5581,Other miscellaneous retailers,0.15429301572542561,4,0.029411623523780815,28800.0,0.5248398939664071,47.67315350239279,5,10055.970405747274,6431,False,459910;459920;459930;459991;459999
2570,"Cement, concrete, lime, and gypsum product manufacturing",0.1347809269344496,4,0.023872541945142357,59000.0,0.14268909445920425,50.013739957107646,7,4950.309828470672,1242,False,327310;327320;327331;327332;327390;327410;327420
7880,"Business, trade and technical schools, and computer and management training",0.13166867124888051,2,0.015751118157759775,45000.0,0.5293765146508042,47.02864066975105,7,4393.846719462665,1115,False,611410;611420;611430;611511;611512;611513;611519
9090,Other personal services,0.12923158010130262,3,0.02307604735977692,20000.0,0.681967898053689,46.18973747432192,5,7222.143479844493,5401,False,812910;812921;812922;812930;812990
6170,Truck transportation,0.12790620778441078,4,0.024549857578023918,50000.0,0.1257079684653419,49.40382901115533,6,30801.275511684453,18254,False,484110;484121;484122;484210;484220;484230
7190,"Commercial and industrial machinery and equipment, and nonfinancial intangible assets rental and leasing",0.1272375907609271,4,0.023141865540944263,70000.0,0.1962338316009811,50.43228646528238,5,3934.8319975433947,1233,False,532411;532412;532420;532490;533110
3570,Motor vehicles and motor vehicle equipment manufacturing,0.12392790192007641,4,0.027149488960571604,56000.0,0.26156504563429434,50.15177517879133,14,31543.510705458117,13736,False,336110;336120;336211;336212;336213;336214;336310;336320;336330;336340;336350;336360;336370;336390
1280,"Seafood and other miscellaneous foods, n.e.c.",0.11963900930151915,3,0.02138631916124699,48000.0,0.35328449525036226,49.23205602962486,9,7044.293298763406,2411,False,311710;311911;311919;311920;311930;311941;311942;311991;311999
7470,"Advertising, public relations, and related services",0.1119208722468848,4,0.02055923619309289,73000.0,0.5321602068885011,49.845616340360316,8,9478.189364513903,6204,False,541810;541820;541830;541840;541850;541860;541870;541890
7790,Waste management and remediation services,0.10700625656408869,3,0.0157630430523879,50000.0,0.18689535623132605,49.74324863456999,11,10069.20115793446,5263,False,562111;562112;562119;562211;562212;562213;562219;562910;562920;562991;562998
7590,Business support services,0.10271678954413893,4,0.01561376313960865,36000.0,0.6013837300811541,48.5766364907743,10,15815.431000835793,7275,False,561410;561421;561422;561431;561439;561440;561450;561491;561492;561499
7780,Other administrative and other support services,0.10217182559195251,4,0.01830306060239149,45000.0,0.48144860719133076,48.66720167180128,5,21266.00925954907,4294,False,561110;561210;561910;561920;561990
9470,"Justice, public order, and safety activities",0.09692094289370143,4,0.01646154182223889,67000.0,0.3483231860261235,50.62756718569123,7,34756.53604134844,28411,False,922110;922120;922130;922140;922150;922160;922190
9570,Administration of economic programs and space research and technology,0.09314237144211535,3,0.02175085959023064,73000.0,0.43431233981442496,50.80543622015329,5,7612.052243653469,6084,False,926110;926120;926130;926140;926150
7290,"Architectural, engineering, and related services",0.09300890957155925,4,0.0175991531473025,80000.0,0.2664280327536891,49.84616517069225,8,30825.713013734065,18175,False,541310;541320;541330;541340;541350;541360;541370;541380
6970,"Securities, commodities, funds, trusts, and other financial investments",0.09196576965553592,4,0.020819147327573853,100000.0,0.40799865235109267,50.516437139505626,13,21058.687831290747,14411,False,523150;523160;523210;523910;523940;523991;523999;525110;525120;525190;525910;525920;525990
7680,Investigation and security services,0.09183784639603901,4,0.015656885117095762,37900.0,0.26572288550906475,48.72351722238495,5,18958.619611955517,7720,False,561611;561612;561613;561621;561622
3980,"Miscellaneous manufacturing, n.e.c.",0.09039822059337592,4,0.017864985748435935,45000.0,0.3503169902548798,49.558364065085335,9,5389.792394624348,5179,False,339910;339940;339950;339991;339992;339993;339994;339995;339999
8290,"Residential care facilities, except skilled nursing facilities",0.08139785629358812,3,0.016579986345100734,33000.0,0.7391303456896375,47.99352677199238,5,35419.749033516004,8972,False,623210;623220;623311;623312;623990
4470,Grocery and related product merchant wholesalers,0.07960104123408321,4,0.010710299613541675,50000.0,0.2874192759422794,49.98751216389911,9,15520.523415012132,6875,False,424410;424420;424430;424440;424450;424460;424470;424480;424490
6890,Nondepository credit intermediation and related activities,0.07803863450456539,4,0.015451607753165033,79000.0,0.4779073624602802,50.586486295422866,8,18170.89307288546,10442,False,522210;522220;522291;522292;522299;522310;522320;522390
1170,Dairy product manufacturing,0.07783724911584664,3,0.01618516227520939,52000.0,0.2852446152180972,49.69525246238771,5,4750.490588694876,1614,False,311511;311512;311513;311514;311520
3875,Miscellaneous wood product manufacturing,0.07774592936797067,3,0.014274175956232414,42000.0,0.2088863189970079,49.875222570993266,5,4225.261884431733,2194,False,321911;321912;321918;321920;321999
0490,Support activities for mining,0.07278611800656416,4,0.011751062066431561,75000.0,0.14010764203531317,48.78030864706044,5,6549.99460255204,3499,False,213111;213112;213113;213114;213115
8770,"Automotive repair and maintenance, except car washes",0.07090698765385513,3,0.011254824035670212,38400.0,0.1030926889517998,49.483543721376726,6,15720.20878609431,12207,False,811111;811114;811121;811122;811191;811198
1270,"Bakeries and tortilla manufacturing, except retail bakeries",0.06485278479717727,4,0.008217349578913237,37500.0,0.4583194136026883,48.79036885648594,5,5316.048144579422,1822,False,311812;311813;311821;311824;311830
4170,Professional and commercial equipment and supplies merchant wholesalers,0.06372609499003146,4,0.012453931111249154,60000.0,0.3844515163838098,50.394834333809634,7,14291.434694224783,2556,False,423410;423420;423430;423440;423450;423460;423490
2370,Plastics product manufacturing,0.06266149086632034,3,0.014058487797233196,48000.0,0.31111465344521,50.11316932937203,11,13603.925069285018,3594,False,326111;326112;326113;326121;326122;326130;326140;326150;326160;326191;326199
3895,Furniture and related product manufacturing,0.0625477835427494,3,0.015080851039947317,40000.0,0.26687639905620425,49.94075140661867,11,9120.067645622865,4064,False,337110;337121;337122;337126;337127;337211;337212;337214;337215;337910;337920
6290,Support activities for transportation,0.06097566865477752,4,0.012409511696088595,49000.0,0.27386126914611203,49.33429307230248,13,18183.86672719017,7832,False,488111;488119;488190;488210;488310;488320;488330;488390;488410;488490;488510;488991;488999
6481,"Periodical, book, and directory and mailing list, and other publishers",0.0607694557831384,4,0.007108363234928041,60000.0,0.6010735746738971,49.71732253651864,5,4269.996551589913,1713,False,513120;513130;513140;513191;513199
8180,Other health care services,0.059767066276011645,4,0.010801417184912784,50000.0,0.6743192313245171,49.47868752841699,5,13027.3098440334,12843,False,621511;621512;621910;621991;621999
2870,"Architectural and structural metals, and boiler, tank, and shipping container manufacturing",0.05149262531507021,3,0.011083870754533678,50000.0,0.17918605019146175,50.02898825912212,10,11060.056227149093,3080,False,332311;332312;332313;332321;332322;332323;332410;332420;332431;332439
2590,Other nonmetallic mineral product manufacturing,0.049006732333285535,3,0.009919294885459477,48400.0,0.2244263029518642,50.17792075265071,5,2203.362086735463,751,False,327910;327991;327992;327993;327999
1070,"Animal food, grain and oilseed milling",0.04876065009601561,4,0.008349588463369494,60000.0,0.3032793749925224,50.2322721127502,9,5642.42213728912,1723,False,311111;311119;311211;311212;311213;311221;311224;311225;311230
8090,Outpatient care centers,0.04301224711478802,3,0.00763196320206768,48000.0,0.7686981264042635,49.26504153065063,6,22684.314287584184,24389,False,621410;621420;621491;621492;621493;621498
0570,"Electric power generation, transmission and distribution",0.04020354082444146,3,0.007172778090215537,94000.0,0.23249282145274305,50.827454555891215,10,11346.503939016151,7603,False,221111;221112;221113;221114;221115;221116;221117;221118;221121;221122
2180,"Pesticide, fertilizer, and other agricultural chemical manufacturing",0.03992688752201336,3,0.008150098913319588,72000.0,0.2725104062705387,50.077310678902656,5,1647.504474460398,416,False,325311;325312;325314;325315;325320
2780,Forging and stamping,0.03977885677955873,3,0.009828779941527054,50000.0,0.271396347546957,50.62516809092092,5,3220.0748319418785,491,False,332111;332112;332114;332117;332119
2770,Foundries,0.039674322721280554,3,0.007239135235786654,50000.0,0.18016299635859198,49.48684521651402,6,3838.494626715875,753,False,331511;331512;331513;331523;331524;331529
3291,"Machinery manufacturing, n.e.c. or not specified",0.03950998291772098,3,0.00954918897015344,59000.0,0.23572972954132745,50.330853247792845,20,14834.567039465197,8775,False,333241;333242;333243;333248;333413;333414;333415;333912;333914;333921;333922;333923;333924;333991;333992;333993;333994;333995;333996;333998
4270,"Machinery, equipment, and supplies merchant wholesalers",0.03925891600910295,4,0.00511026371276257,60000.0,0.2715070596935841,50.56656626591371,6,14293.557028814776,3577,False,423810;423820;423830;423840;423850;423860
2980,Miscellaneous fabricated metal product manufacturing,0.03894745509952272,3,0.008335701142921965,50000.0,0.21221142249024477,50.384794608017025,10,7926.362839015241,3581,False,332510;332613;332618;332911;332912;332913;332919;332991;332996;332999
6070,Air transportation,0.03722517773916329,4,0.007201926823218432,65000.0,0.35453371704563835,49.38272932108577,5,10234.033793314458,6650,False,481111;481112;481211;481212;481219
3380,"Navigational, measuring, electromedical, and control instruments manufacturing",0.034851495193079,3,0.008263029203554421,75000.0,0.2890024672172917,50.8070323260965,9,10702.893835103616,2094,False,334510;334511;334512;334513;334514;334515;334516;334517;334519
6991,Insurance carriers,0.03369658945401321,4,0.007379381650908778,65000.0,0.6327207571009568,50.600349267212934,6,23915.59969778455,18090,False,524113;524114;524126;524127;524128;524130
3490,"Electric lighting and electrical equipment manufacturing, and other electrical component manufacturing, n.e.c.",0.03333496994492913,3,0.0069440535390367115,59000.0,0.2749034183878843,50.49351766175786,14,9770.288149561922,3752,False,335131;335132;335139;335311;335312;335313;335314;335910;335921;335929;335931;335932;335991;335999
3960,Medical equipment and supplies manufacturing,0.031028065960210724,3,0.004915986144424629,68000.0,0.4198294959040848,50.53554061007515,5,6857.475584320576,7880,False,339112;339113;339114;339115;339116
6180,"Transit and ground passenger transportation, except taxi and limousine service",0.03021613025897082,2,0.007770868013448294,40000.0,0.3883714762049106,48.66355524401334,9,17675.83459703278,4942,False,485111;485112;485113;485119;485210;485410;485510;485991;485999
3390,"Semiconductor, magnetic and optical media, and other electronic component manufacturing",0.02489004360757952,3,0.006032683030606452,90000.0,0.29116244804333175,50.62820443056608,7,9842.343933001988,7393,False,334412;334413;334416;334417;334418;334419;334610
3170,Metalworking machinery manufacturing,0.024837776730854313,3,0.004188435230677085,59000.0,0.16311113963274324,50.5666810293457,5,3842.003299613507,1154,False,333511;333514;333515;333517;333519
2290,"Basic chemical manufacturing, and other chemical product and preparation manufacturing",0.021048847539898972,3,0.005478673511996286,80000.0,0.2446861423644751,50.645941620051815,12,8350.483167908213,4266,False,325110;325120;325130;325180;325193;325194;325199;325910;325920;325991;325992;325998
0190,Forestry except logging,,,,60000.0,0.3535313649825002,49.35137754644171,2,192.14259166663385,588,False,113110;113210
0270,Logging,,,,37000.0,0.06944800040964719,49.04721183880383,1,1051.6426076833527,902,False,113310
0280,"Fishing, hunting and trapping",,,,28800.0,0.13659862142099682,43.932065217391305,4,347.0754608414333,475,False,114111;114112;114119;114210
0370,Oil and gas extraction,,,,83000.0,0.18536285979107692,49.68593902652872,2,3886.368178173473,798,False,211120;211130
0380,Coal mining,,,,80000.0,0.07156884623967864,50.74112921222941,2,2843.5119363395224,485,False,212114;212115
0390,Metal ore mining,,,,81000.0,0.15134379844115015,49.66713970700609,4,4290.648073085243,504,False,212210;212220;212230;212290
0590,"Electric and gas, and other combinations",,,,92000.0,0.2969083607606157,50.51113406352852,1,2391.9855818743563,1246,False,221210
0670,"Water supply and irrigation systems, and steam and air-conditioning supply",,,,56000.0,0.23090077317704147,50.623313699410986,2,3278.2280238924836,2853,False,221310;221330
0680,Sewage treatment facilities,,,,65000.0,0.19312619533858472,50.85329346170054,1,1276.5930493273543,1314,False,221320
1180,Animal slaughtering and processing,,,,40000.0,0.3561742493930977,49.32952888226768,4,13571.088217717168,3939,False,311611;311612;311613;311615
1190,Retail bakeries,,,,22200.0,0.6619992066640222,46.15107596191987,1,1783.7043390514632,1853,False,311811
1390,Tobacco manufacturing,,,,60000.0,0.3382315521628499,51.16889312977099,1,451.9117647058824,145,False,312230
1470,"Fiber, yarn, and thread mills",,,,40000.0,0.33231600976630626,49.1260899895361,1,916.9704724409448,109,False,313110
1480,"Fabric mills, except knit fabric mills",,,,40000.0,0.4529490169943352,50.12349216927691,3,1666.5986759650261,932,False,313210;313220;313230
1490,Textile and fabric finishing and fabric coating mills,,,,38000.0,0.34536725876140184,50.37868458953432,2,825.763057506749,92,True,313310;313320
1570,Carpet and rug mills,,,,44900.0,0.3746725335096778,49.759696823257116,1,1619.477088948787,389,False,314110
1590,"Textile product mills, except carpet and rug",,,,31000.0,0.5116055633502105,48.466250838772645,4,1693.32436550881,666,False,314120;314910;314994;314999
1670,"Knit fabric mills, and apparel knitting mills",,,,28000.0,0.6885197850512946,48.46204201270152,2,865.76930412588,96,True,313240;315120
1691,"Cut and sew, and apparel accessories and other apparel manufacturing",,,,36000.0,0.6010097064038225,49.1103284550891,3,1957.1098332407782,1583,False,315210;315250;315990
1770,Footwear manufacturing,,,,45000.0,0.5261714374010121,50.2495461042222,1,409.3666061705989,230,False,316210
1790,"Leather and hide tanning and finishing, and other leather and allied product manufacturing",,,,36000.0,0.5103867050175775,50.62196959320641,2,431.8600426652089,237,False,316110;316990
1870,"Pulp, paper, and paperboard mills",,,,65000.0,0.20328520839008443,50.4929937346772,3,3251.9356203979196,1919,False,322110;322120;322130
1880,Paperboard container manufacturing,,,,51000.0,0.2540465167146659,50.26266814917429,3,4094.5674563199445,985,False,322211;322212;322219
1890,Miscellaneous paper and pulp products manufacturing,,,,60000.0,0.28316158255031587,50.76955100485202,4,3457.631703204608,740,False,322220;322230;322291;322299
1990,Printing and related support activities,,,,44300.0,0.3625327540637726,50.21872568258902,4,7812.3743774176055,4362,False,323111;323113;323117;323120
2070,Petroleum refineries,,,,100000.0,0.17833132596080148,50.23761086171028,1,1858.0976616231087,1715,False,324110
2090,"Petroleum and coal products manufacturing, except petroleum refineries",,,,60000.0,0.19086441813714541,50.887275705457526,4,1438.9603431746873,247,False,324121;324122;324191;324199
2170,"Resin, synthetic rubber, and artificial and synthetic fibers and filaments manufacturing",,,,50000.0,0.2858286313392369,50.15488678575254,3,3359.622188108221,1797,False,325211;325212;325220
2190,Pharmaceutical and medicine manufacturing,,,,95000.0,0.4772930528115216,50.514148747195854,4,7544.88912865742,6995,False,325411;325412;325413;325414
2270,"Paint, coating, and adhesive manufacturing",,,,63000.0,0.25757965213772505,50.98288840744685,2,1601.1108390989323,803,False,325510;325520
2280,"Soap, cleaning compound, and toilet preparation manufacturing",,,,65000.0,0.4746492850376652,49.79476596448494,4,2777.3848891557527,1323,False,325611;325612;325613;325620
2380,Tire manufacturing,,,,60000.0,0.19595613267191908,51.25052280906527,2,2665.179908756962,861,False,326211;326212
2390,"Rubber products, except tires, manufacturing",,,,45000.0,0.31426021565156326,49.52738072595866,3,2128.3533422758774,667,False,326220;326291;326299
2470,"Pottery, ceramics, and plumbing fixture manufacturing",,,,49000.0,0.44206088643486047,49.02376510968512,1,361.0201765447667,270,False,327110
2480,Clay building material and refractories manufacturing,,,,52000.0,0.24621880998080614,49.52145873320537,1,562.7686170212766,268,False,327120
2490,Glass and glass product manufacturing,,,,50000.0,0.22876522999302237,50.328209704256345,4,2615.3164776879653,1589,False,327211;327212;327213;327215
2670,Iron and steel mills and steel product manufacturing,,,,60000.0,0.13148119203051578,50.285430183872805,4,4057.582641354602,2992,False,331110;331210;331221;331222
2680,Alumina and aluminum production and processing,,,,60000.0,0.19221342523135426,50.52882458668172,4,2246.8402835096263,708,False,331313;331314;331315;331318
2690,Nonferrous metal (except aluminum) production and processing,,,,55000.0,0.24711215727300467,50.1079944204699,4,2155.925963396075,497,False,331410;331420;331491;331492
2790,Cutlery and handtool manufacturing,,,,46400.0,0.27698294342436386,50.880603970547114,2,892.9496278635845,460,False,332215;332216
2880,"Machine shops; turned product; screw, nut, and bolt manufacturing",,,,50000.0,0.17157396621555498,49.971885230117465,3,7222.4630412253355,3417,False,332710;332721;332722
2890,"Coating, engraving, heat treating, and allied activities",,,,47000.0,0.2085061521175214,50.284662015009225,3,2804.681191912364,709,False,332811;332812;332813
2970,Ordnance,,,,50000.0,0.24872209026128267,50.374764845605704,3,2328.437997519342,524,False,332992;332993;332994
3070,Agricultural implement manufacturing,,,,56000.0,0.21227023771972586,49.91823903879792,2,2299.3617240075614,1596,False,333111;333112
3080,"Construction, and mining and oil and gas field machinery manufacturing",,,,62000.0,0.19284093623119178,50.20473489371865,3,4105.850608061876,1776,False,333120;333131;333132
3095,Commercial and service industry machinery manufacturing,,,,58000.0,0.27003086833982015,50.58921926282012,1,1858.614090431125,836,False,333310
3180,"Engine, turbine, and power transmission equipment manufacturing",,,,68000.0,0.20463354015676868,50.80476910509759,4,2964.827135931777,584,False,333611;333612;333613;333618
3365,Computer and peripheral equipment manufacturing,,,,105000.0,0.2752830624663021,50.91318454902565,3,4321.260135891894,1088,False,334111;334112;334118
3370,"Communications, audio, and video equipment manufacturing",,,,88000.0,0.23878589952934395,50.61782555164555,4,2747.9466282151648,1203,False,334210;334220;334290;334310
3470,Household appliance manufacturing,,,,47500.0,0.36466652138800937,50.38977836458961,2,2499.150638535254,736,False,335210;335220
3580,"Aircraft, aircraft engine, and aircraft parts manufacturing",,,,87000.0,0.23611982937466752,50.484358800574846,3,10475.804921794126,9237,False,336411;336412;336413
3590,Guided missile and space vehicle and parts manufacturing,,,,86000.0,0.25225854673079423,50.637056414922654,3,8843.154894245803,619,False,336414;336415;336419
3670,Railroad rolling stock manufacturing,,,,60000.0,0.1649122807017544,50.40270144387517,1,736.4727272727273,318,False,336510
3680,Ship and boat building,,,,60000.0,0.18192180109792155,50.38354676395661,2,4456.2280344641895,1933,False,336611;336612
3690,Other transportation equipment manufacturing,,,,50000.0,0.2567182213629773,49.971072982116965,3,1298.2797290281178,390,False,336991;336992;336999
3770,Sawmills and wood preservation,,,,48000.0,0.1275270960315805,49.41660293401933,2,2061.654029455257,1489,False,321113;321114
3780,"Veneer, plywood, and engineered wood product manufacturing",,,,50000.0,0.12736440291704648,50.01253418413856,4,2742.1517491957416,359,False,321211;321212;321215;321219
3790,Manufactured home (mobile home) and prefabricated wood building manufacturing,,,,40000.0,0.27830645161290324,49.99663978494624,2,1486.9538681517158,410,False,321991;321992
3970,"Sporting and athletic goods, and doll, toy and game manufacturing",,,,45000.0,0.3498979571618221,48.496572153202955,2,1230.8475846997658,990,False,339920;339930
4070,Motor vehicle and motor vehicle parts and supplies merchant wholesalers,,,,45000.0,0.2105192795183077,49.80891706644865,4,6986.878091372593,1911,False,423110;423120;423130;423140
4080,Furniture and home furnishing merchant wholesalers,,,,49000.0,0.40110675780021166,50.19160923156119,2,2260.757284533333,650,False,423210;423220
4090,Lumber and other construction materials merchant wholesalers,,,,58000.0,0.21825291321630752,50.76930958232551,4,5013.447214655478,1533,False,423310;423320;423330;423390
4180,"Metal and mineral, except petroleum, merchant wholesalers",,,,57000.0,0.28383684590111385,50.85947057723642,2,2564.4213398584225,375,False,423510;423520
4195,Household appliances and electrical and electronic goods merchant wholesalers,,,,60000.0,0.290127652343833,50.391230007858795,3,7096.1290469899195,1871,False,423610;423620;423690
4265,"Hardware, and plumbing and heating equipment, and supplies merchant wholesalers",,,,56000.0,0.2473311519138283,49.98991799897146,4,5768.630263857116,1694,False,423710;423720;423730;423740
4280,Recyclable material merchant wholesalers,,,,40000.0,0.214330720199282,50.083888929591915,1,1975.1112255406797,657,False,423930
4290,"Miscellaneous durable goods, except recyclable material, merchant wholesalers",,,,50000.0,0.3524591862103257,50.51214054860363,4,4085.1583135650103,960,False,423910;423920;423940;423990
4370,Paper and paper product merchant wholesalers,,,,55000.0,0.34678594323678535,50.93338772655749,3,2474.551624024738,343,False,424110;424120;424130
4380,"Drugs, druggists' sundries, and chemical and allied products merchant  wholesalers",,,,72000.0,0.46900018618506795,50.39734150290844,3,7854.596143643305,1735,False,424210;424610;424690
4390,"Apparel, piece goods, and notions merchant wholesalers",,,,45000.0,0.5267346771326205,49.84143350746201,3,2916.159742785651,1072,False,424310;424340;424350
4480,Farm product raw material merchant wholesalers,,,,49700.0,0.2558221161439778,49.42503641564732,3,1615.956481437215,735,False,424510;424520;424590
4490,Petroleum and petroleum products merchant wholesalers,,,,75000.0,0.3006243035001738,50.70031035433118,2,1999.3056742265985,872,False,424710;424720
4560,"Beer, wine, and distilled alcoholic beverage merchant wholesalers",,,,60000.0,0.26295827011887096,50.64697987696104,2,4079.599669755068,1111,False,424810;424820
4570,Farm supplies merchant wholesalers,,,,52000.0,0.29421725313725033,49.961285982695834,1,2344.231943031536,524,False,424910
4585,Wholesale trade agents and brokers,,,,50000.0,0.33773130001331225,50.64360199387637,1,10167.858728557014,648,False,425120
4670,Automobile dealers,,,,50000.0,0.226110565944436,49.66589959411957,2,25268.74463725011,11910,False,441110;441120
4681,Other motor vehicle dealers,,,,43200.0,0.2622416127893436,49.13526501319929,3,3402.3939846258804,1869,False,441210;441222;441227
4691,"Automotive parts, accessories, and tire retailers",,,,32000.0,0.1844769403824522,48.838958964648995,2,11110.180625630675,4823,False,441330;441340
4771,Furniture and home furnishings retailers,,,,40000.0,0.4869062213278437,48.93744361945736,4,9003.645945306926,4921,False,449110;449121;449122;449129
4796,Electronics and appliance retailers,,,,48000.0,0.31242004234083803,49.36864579444035,1,8715.079717457114,4820,False,449210
4871,"Building material and supplies dealers, except hardware retailers",,,,36000.0,0.3286919816528459,48.93081071574101,3,20651.294651866803,11092,False,444110;444120;444180
4881,Hardware retailers,,,,30000.0,0.31296569080063386,47.906666437623734,1,3257.3521695257314,2380,False,444140
4891,Lawn and garden equipment and supplies retailers,,,,34000.0,0.3628992400203425,47.802240543231456,2,3451.67294216434,3262,False,444230;444240
4971,Supermarkets and other grocery (except convenience) retailers,,,,24800.0,0.4637569600682606,46.91341510995723,1,51140.12815338042,25988,False,445110
4973,Convenience retailers and vending machine operators,,,,24700.0,0.5376668340358949,47.62587722883266,2,3973.4778149962403,3399,False,445131;445132
4991,"Beer, wine, and liquor retailers",,,,35000.0,0.3581752507531638,48.435977200969425,1,3515.2381432896063,1827,False,445320
5071,Pharmacies and drug retailers,,,,37000.0,0.6694321726932015,48.3983668683654,1,14934.091826437942,9048,False,456110
5081,"Health and personal care, except pharmacies and drug, retailers",,,,35000.0,0.6751611030422967,47.96252726841377,4,7041.884964682138,4820,False,456120;456130;456191;456199
5090,Gasoline stations,,,,24400.0,0.48685243289498276,46.85311746943513,2,18614.199798183654,4907,False,457110;457120
5171,Clothing and clothing accessories retailers,,,,20000.0,0.7202987854242375,45.49201891354827,1,17365.6316851665,8415,False,458110
5181,Shoe retailers,,,,23000.0,0.5625544267053701,45.25661052418402,1,3440.98385469223,1363,False,458210
5191,"Jewelry, luggage, and leather goods retailers",,,,35000.0,0.6819935104321864,48.49621049284204,2,2443.7426556102087,1664,False,458310;458320
5276,"Sporting goods, and hobby, toy, and game retailers",,,,25000.0,0.4111357173209558,45.99069640113751,2,8241.055499495458,4698,False,459110;459120
5281,"Sewing, needlework, and piece goods retailers",,,,15000.0,0.7258519134174105,46.60405449354967,1,707.4075203252032,552,False,459130
5296,Musical instrument and supplies retailers,,,,32000.0,0.2609143508372052,49.13478565792934,1,681.4723360655738,449,False,459140
5371,Book retailers and news dealers,,,,20000.0,0.5993533155409567,46.328474645863274,1,1456.1725529767912,1035,False,459210
5382,Department stores,,,,25000.0,0.7078728006149043,46.453336987803205,1,19205.09485368315,3170,False,455110
5392,"Warehouse clubs, supercenters, and other general merchandise retailers",,,,28000.0,0.5137028177467138,47.20622826541237,2,42525.637739656915,27232,False,455211;455219
5471,Florists,,,,20000.0,0.7246240698502472,46.51421671328166,1,1208.3370332996972,986,False,459310
5481,Office supplies and stationery retailers,,,,40000.0,0.4247621310466234,49.0516777726178,1,1591.1412714429869,924,False,459410
5491,Used merchandise retailers,,,,16000.0,0.6173103299942527,46.25903085564382,1,3530.0494450050455,2793,False,459510
5571,"Gift, novelty, and souvenir retailers",,,,17000.0,0.7179176596914857,45.50382369117146,1,2600.3440968718464,1578,False,459420
5680,Fuel dealers,,,,50000.0,0.2561234307440852,50.445546964656245,1,1444.4593202883625,1018,False,457210
6080,Rail transportation,,,,80000.0,0.10515272232817381,51.09248921538388,2,46.06516853932584,2240,False,482111;482112
6190,Taxi and limousine service,,,,20000.0,0.15868857215135235,46.40936567382009,2,1228.7272138156234,4340,False,485310;485320
6270,Pipeline transportation,,,,90000.0,0.12331211834523093,50.064784553195146,4,1511.0150363272617,492,False,486110;486210;486910;486990
6280,Scenic and sightseeing transportation,,,,31300.0,0.35735785166721534,45.33066829704181,3,742.5224781464486,389,False,487110;487210;487990
6370,Postal Service,,,,58000.0,0.43393977477179196,50.285770440805386,1,168.30331753554503,6844,False,491110
6380,Couriers and messengers,,,,30000.0,0.2739443301817689,46.49476172973706,2,20076.141271442986,12758,False,492110;492210
6390,Warehousing and storage,,,,35000.0,0.35407175605851104,48.57811021759697,4,32900.92991207871,8785,False,493110;493120;493130;493190
6471,Newspaper publishers,,,,42000.0,0.47181444228169256,49.302058662780105,1,2175.1977800201817,1155,False,513110
6490,Software publishers,,,,116000.0,0.36684462990805233,50.65294610986673,1,11354.670030272451,2024,False,513210
6590,Sound recording industries,,,,44000.0,0.23320523880479962,49.08644027919379,4,570.6517318326007,560,False,512230;512240;512250;512290
6671,Broadcasting and content providers,,,,70000.0,0.3945639920551538,49.55818487871839,3,7296.13574329459,5029,False,516110;516120;516210
6680,Wired telecommunications carriers,,,,75000.0,0.3092525719353147,50.63352959484291,1,9681.467204843593,4547,False,517111
6690,"Telecommunications, except wired telecommunications carriers",,,,75000.0,0.29777055638192484,50.46939592569106,4,3726.671042464511,3321,False,517112;517121;517410;517810
6695,"Computing infrastructure providers, data processing, web hosting, and related services",,,,102000.0,0.37114385452183796,50.07410293878876,1,8224.225025227044,2441,False,518210
6770,Libraries and archives,,,,32000.0,0.7635607461575648,48.570740709478905,1,2939.4493927125504,2973,False,519210
6781,Web search portals and all other information services,,,,200000.0,0.36722076123726866,50.64821776706164,1,3136.3551967709386,1579,False,519290
6871,"Monetary authorities-central bank, and commercial banking",,,,70000.0,0.578938014965299,50.73867213046626,2,27961.646877275227,18039,False,521110;522110
6881,"Credit unions, and savings institutions and other depository credit intermediation",,,,52000.0,0.6795614622325731,50.68108894273834,2,7526.254288597376,4229,False,522130;522180
6992,"Agencies, brokerages, and other insurance related activities",,,,62000.0,0.5754574923918723,50.320953113068875,4,25076.967709384462,11487,False,524210;524291;524292;524298
7072,Activities related to real estate,,,,48000.0,0.480838521459292,49.38092774720042,4,15293.906155398588,4726,False,531311;531312;531320;531390
7080,Automotive equipment rental and leasing,,,,40000.0,0.27679240713618486,48.566777761120015,3,4097.018835752136,1502,False,532111;532112;532120
7270,Legal services,,,,68000.0,0.5733497102912258,49.69388839939549,3,23187.241125641387,17502,False,541110;541191;541199
7280,"Accounting, tax preparation, bookkeeping, and payroll services",,,,54000.0,0.6224140821590461,48.58320234681661,4,21871.142280524724,12954,False,541211;541213;541214;541219
7370,Specialized design services,,,,40000.0,0.6174736348228571,47.706613106016874,4,2891.9600356715446,3769,False,541410;541420;541430;541490
7380,Computer systems design and related services,,,,105000.0,0.30060412400227093,50.29656877746004,4,46241.23834612523,38162,False,541511;541512;541513;541519
7460,Scientific research and development services,,,,90000.0,0.4827640665293619,49.79224069298534,4,16576.42991985339,9488,False,541713;541714;541715;541720
7480,Veterinary services,,,,35000.0,0.8336359370071471,48.672085965087746,1,8625.395560040362,5315,False,541940
7570,Management of companies and enterprises,,,,90000.0,0.5178303581486071,50.54028208426956,3,50568.61893642547,1696,False,551111;551112;551114
7580,Employment services,,,,46000.0,0.5918218381156067,47.09516753511235,4,71607.59188958925,8354,False,561311;561312;561320;561330
7670,Travel arrangements and reservation services,,,,46000.0,0.5780183185250817,48.59303687570121,4,3608.80834919636,3433,False,561510;561520;561591;561599
7690,"Services to buildings and dwellings, except landscaping services",,,,20000.0,0.5597600475258834,47.56427004574729,4,26516.20487788656,13915,False,561710;561720;561740;561790
7770,Landscaping services,,,,25000.0,0.10792287349315212,46.68968146724858,1,16580.685166498486,10973,False,561730
7860,Elementary and secondary schools,,,,49000.0,0.7478742482958683,47.717558557777075,1,162907.1862348178,103841,False,611110
7870,"Junior colleges, colleges, universities, and professional schools",,,,50000.0,0.5589829231352169,47.033856214935966,2,72607.23740865226,50326,False,611210;611310
7970,Offices of physicians,,,,50000.0,0.7582430918381198,49.76134316614788,2,54649.44399596367,17498,False,621111;621112
7980,Offices of dentists,,,,40000.0,0.8232826729158874,49.20427299374823,1,19716.874873864785,10134,False,621210
7990,Offices of chiropractors,,,,32000.0,0.6167391009099552,49.013656118429985,1,2815.580221997982,1468,False,621310
8070,Offices of optometrists,,,,36000.0,0.7834683593641248,49.35607338734375,1,2847.640766902119,1766,False,621320
8080,Offices of other health practitioners,,,,35000.0,0.7926084271303615,48.48109377468605,4,14920.304933619256,4294,False,621330;621340;621391;621399
8170,Home health care services,,,,27000.0,0.846641974780021,48.03239989438153,1,32395.4561049445,12694,False,621610
8191,"General medical and surgical hospitals, and specialty (except psychiatric and substance abuse) hospitals",,,,61000.0,0.7464169501614454,49.83752385068484,2,119630.7126037598,75618,False,622110;622310
8192,Psychiatric and substance abuse hospitals,,,,48000.0,0.6753042619122468,49.921782608044786,1,4954.534090909091,1182,False,622210
8270,Nursing care facilities (skilled nursing facilities),,,,36000.0,0.8287839303826919,48.41776331027921,1,29819.907164480323,13784,False,623110
8370,Individual and family services,,,,35600.0,0.784296778225977,48.65728903553059,3,57082.25731584258,19087,False,624110;624120;624190
8380,"Community food and housing, and emergency and other relief services",,,,39000.0,0.6471025145860333,48.296136173874736,4,3954.2600106914124,1864,False,624210;624221;624229;624230
8390,Vocational rehabilitation services,,,,28000.0,0.5588542841326144,48.106493346728726,1,6056.63370332997,1111,False,624310
8470,Child care services,,,,20000.0,0.9384292989911441,46.24662990235832,1,17548.53683148335,14586,False,624410
8561,Performing arts companies,,,,30000.0,0.47634003988558815,45.942769669876625,4,2578.9781672696126,1704,False,711110;711120;711130;711190
8562,Spectator sports,,,,45000.0,0.2558929226255959,45.348786211954526,3,3039.3485116225957,1337,False,711211;711212;711219
8563,"Promoters of performing arts, sports, and similar events, agents and managers for artists, athletes, entertainers, and other public figures",,,,38000.0,0.4842707279678862,45.25142024670624,3,3726.4315492323476,1436,False,711310;711320;711410
8564,"Independent artists, writers, and performers",,,,500.0,0.4648022308112423,45.48280941477965,1,1120.7830474268417,3871,False,711510
8570,"Museums, historical sites, and similar institutions",,,,36000.0,0.4714100558659218,46.06454748603352,4,4448.211715641026,4637,False,712110;712120;712130;712190
8580,Bowling centers,,,,14000.0,0.3936108665576657,44.31430008803924,1,1207.4696189495367,378,False,713950
8660,Traveler accommodation,,,,31900.0,0.5605279697274224,48.142205498688995,4,38877.5346190701,10661,False,721110;721120;721191;721199
8670,"Recreational vehicle parks and camps, and rooming and boarding houses, dormitories, and workers' camps",,,,14900.0,0.5370491517292512,38.037882157965896,3,1540.88145584345,1351,False,721211;721214;721310
8690,Drinking places (alcoholic beverages),,,,23000.0,0.5240817091454273,47.32531859070465,1,7372.563655030801,1912,False,722410
8780,Car washes,,,,20000.0,0.19057074749329125,46.011787736445505,1,3357.6256306760847,1704,False,811192
8790,Electronic and precision equipment repair and maintenance,,,,45000.0,0.1537984338452151,49.039926777178884,1,2096.4318869828458,948,False,811210
8870,Commercial and industrial machinery and equipment repair and maintenance,,,,44000.0,0.08396976693702761,49.37843624810056,1,4413.870837537841,3041,False,811310
8970,Barber shops,,,,9300.0,0.2598241866326515,49.369561542362725,1,600.1409736308317,1046,False,812111
8980,Beauty salons,,,,13800.0,0.9062131892559794,48.19140658221315,1,7287.628657921292,9316,False,812112
8990,Nail salons and other personal care services,,,,16000.0,0.7692707984208688,48.01901766467805,3,5662.020762461739,5135,False,812113;812191;812199
9070,Drycleaning and laundry services,,,,29000.0,0.5621628539737015,49.02175747290981,4,5132.833435421894,1817,False,812310;812320;812331;812332
9080,Death care services,,,,39000.0,0.41635346435231674,48.07057810931,2,2826.3824419778,1485,False,812210;812220
9160,Religious organizations,,,,31200.0,0.4772404093529866,48.73008568214843,1,3716.2986881937436,13515,False,813110
9180,Labor unions and similar labor organizations,,,,75000.0,0.34637790986809386,49.852286451796246,1,2270.529767911201,792,False,813930
9190,"Business, professional, political, and similar organizations",,,,60000.0,0.6256452875055354,49.36446080958938,4,6418.185671039354,1717,False,813910;813920;813940;813990
9290,Private households,,,,1000.0,0.9016511013411141,45.64763417078426,1,4427.676084762866,5658,False,814110
9370,Executive offices and legislative bodies,,,,60000.0,0.509343803895144,50.022248212276736,3,52042.37697391233,14300,False,921110;921120;921140
9380,Public finance activities,,,,63000.0,0.6175152295577238,50.87954100837007,1,3466.8065194532073,3285,False,921130
9390,Other general government and support,,,,60000.0,0.4306594038637209,48.746834929120006,1,8116.778229908444,1468,False,921190
9480,Administration of human resource programs,,,,59000.0,0.7069094794538149,50.24283899239963,4,12895.148795234272,11700,False,923110;923120;923130;923140
9490,"Administration of environmental quality, and housing programs, urban planning and community development",,,,69000.0,0.426007764513711,50.190957809825356,4,7197.044891782281,3039,False,924110;924120;925110;925120
9590,National security and international affairs,,,,86000.0,0.3377642323569462,50.982405271545595,1,25.75,9266,False,928120
